"Metabolite","type","Estimate_Age","p_value_Age","Estimate_Sex","p_value_Sex","Estimate_Metabolite","Std_Error_Metabolite","df_Metabolite","p_value_Metabolite","Singular_fit_Metabolite","FDR_Metabolite","Compound.Name","CASNumber","Number.Passed","Retention.Time","Measured.Retention.Time","Product.Mass","Mass.Column"
"M.1","SBP",0.0345,0.7986006,-2.6075,0.3530756,-0.0122,0.021,61,0.5643196,"TRUE",0.9914,"PC(18:1(9Z)/18:0)","",120,17.773,17.7439,788.6173,0
"M.1","DBP",-0.0314,0.7017619,-0.6156,0.7163558,-0.0084,0.0127,61,0.5099003,"TRUE",0.9914,"PC(18:1(9Z)/18:0)","",120,17.773,17.7439,788.6173,0
"M.1","Insulin",-0.0271,0.6775373,-0.4084,0.7665875,-0.0049,0.0099,74,0.6223523,"TRUE",0.9914,"PC(18:1(9Z)/18:0)","",120,17.773,17.7439,788.6173,0
"M.1","Chol_T",-0.3387,0.2197922,-3.4652,0.5507918,-0.0259,0.0386,74.6,0.5046435,"FALSE",0.9914,"PC(18:1(9Z)/18:0)","",120,17.773,17.7439,788.6173,0
"M.1","TG",-0.3087,0.5617511,-14.5888,0.1972074,-0.0569,0.0805,75,0.4821652,"TRUE",0.9914,"PC(18:1(9Z)/18:0)","",120,17.773,17.7439,788.6173,0
"M.1","LDL",-0.2859,0.1767114,-2.943,0.5092148,-0.0238,0.0319,75,0.4571788,"TRUE",0.9914,"PC(18:1(9Z)/18:0)","",120,17.773,17.7439,788.6173,0
"M.1","HDL",0.0104,0.8992103,2.5718,0.1463846,-3e-04,0.0124,71.65,0.9834376,"FALSE",0.9934,"PC(18:1(9Z)/18:0)","",120,17.773,17.7439,788.6173,0
"M.1","CRP",0.0057,0.7756169,-0.238,0.5734456,0.0048,0.003,74,0.1196651,"TRUE",0.9914,"PC(18:1(9Z)/18:0)","",120,17.773,17.7439,788.6173,0
"M.1","ApoB",-0.144,0.3832133,-3.5254,0.3149633,-0.015,0.0226,74,0.5104539,"FALSE",0.9914,"PC(18:1(9Z)/18:0)","",120,17.773,17.7439,788.6173,0
"M.1","HDL_LDL",8e-04,0.4292448,0.0322,0.1581756,0,2e-04,72.22,0.9749046,"FALSE",0.9928,"PC(18:1(9Z)/18:0)","",120,17.773,17.7439,788.6173,0
"M.1","Chol_T_HDL",-0.0051,0.4590256,-0.2877,0.0532579,-3e-04,0.001,72.17,0.794721,"FALSE",0.9919,"PC(18:1(9Z)/18:0)","",120,17.773,17.7439,788.6173,0
"M.10","SBP",0.0668,0.6074856,-3.1705,0.2505267,0.0318,0.0209,61,0.1334959,"TRUE",0.9914,"PE(22:1(13Z)/15:0)","",90,14.34,14.283483,760.5858,0
"M.10","DBP",-0.0105,0.8941002,-0.9682,0.5611875,0.0188,0.0127,61,0.1434788,"TRUE",0.9914,"PE(22:1(13Z)/15:0)","",90,14.34,14.283483,760.5858,0
"M.10","Insulin",-0.0101,0.8743491,-0.561,0.6778332,0.0163,0.0098,74,0.0997935,"TRUE",0.9914,"PE(22:1(13Z)/15:0)","",90,14.34,14.283483,760.5858,0
"M.10","Chol_T",-0.3122,0.2626932,-3.8279,0.5159748,0.0052,0.0382,72.87,0.8929992,"FALSE",0.9919,"PE(22:1(13Z)/15:0)","",90,14.34,14.283483,760.5858,0
"M.10","TG",-0.2687,0.6126465,-15.1606,0.1804935,-0.0205,0.0813,75,0.8019149,"TRUE",0.9919,"PE(22:1(13Z)/15:0)","",90,14.34,14.283483,760.5858,0
"M.10","LDL",-0.2518,0.2319828,-3.3832,0.4477829,0.0173,0.0321,75,0.5925334,"TRUE",0.9914,"PE(22:1(13Z)/15:0)","",90,14.34,14.283483,760.5858,0
"M.10","HDL",0.0065,0.936937,2.6164,0.1400332,-0.0061,0.0124,75,0.6243497,"FALSE",0.9914,"PE(22:1(13Z)/15:0)","",90,14.34,14.283483,760.5858,0
"M.10","CRP",3e-04,0.9872515,-0.1828,0.669785,-6e-04,0.0031,74,0.844906,"TRUE",0.9919,"PE(22:1(13Z)/15:0)","",90,14.34,14.283483,760.5858,0
"M.10","ApoB",-0.1217,0.4653366,-3.739,0.2935476,0.0101,0.0221,70.88,0.6484792,"FALSE",0.9914,"PE(22:1(13Z)/15:0)","",90,14.34,14.283483,760.5858,0
"M.10","HDL_LDL",8e-04,0.4464611,0.0326,0.1507579,0,2e-04,74.93,0.7658307,"FALSE",0.9914,"PE(22:1(13Z)/15:0)","",90,14.34,14.283483,760.5858,0
"M.10","Chol_T_HDL",-0.0045,0.5100958,-0.2945,0.0495861,4e-04,0.001,74.86,0.6673022,"FALSE",0.9914,"PE(22:1(13Z)/15:0)","",90,14.34,14.283483,760.5858,0
"M.11","SBP",0.0752,0.573288,-3.0748,0.2713969,0.0238,0.026,61,0.3631972,"TRUE",0.9914,"LysoPE(0:0/22:6(4Z,7Z,10Z,13Z,16Z,19Z))","",41,12.028,11.8744,548.276,0
"M.11","DBP",-0.0065,0.9355706,-0.8991,0.5945577,0.013,0.0158,61,0.4139492,"TRUE",0.9914,"LysoPE(0:0/22:6(4Z,7Z,10Z,13Z,16Z,19Z))","",41,12.028,11.8744,548.276,0
"M.11","Insulin",-0.0352,0.586001,-0.3376,0.804266,-0.0163,0.0128,74,0.2061185,"TRUE",0.9914,"LysoPE(0:0/22:6(4Z,7Z,10Z,13Z,16Z,19Z))","",41,12.028,11.8744,548.276,0
"M.11","Chol_T",-0.3168,0.2587409,-3.7803,0.5209252,-0.0013,0.0488,69.36,0.9794432,"FALSE",0.9931,"LysoPE(0:0/22:6(4Z,7Z,10Z,13Z,16Z,19Z))","",41,12.028,11.8744,548.276,0
"M.11","TG",-0.2579,0.6304323,-15.2998,0.1767401,-0.0033,0.105,75,0.9748277,"TRUE",0.9928,"LysoPE(0:0/22:6(4Z,7Z,10Z,13Z,16Z,19Z))","",41,12.028,11.8744,548.276,0
"M.11","LDL",-0.2701,0.2050926,-3.203,0.4729766,-0.0077,0.0416,75,0.8533758,"TRUE",0.9919,"LysoPE(0:0/22:6(4Z,7Z,10Z,13Z,16Z,19Z))","",41,12.028,11.8744,548.276,0
"M.11","HDL",0.0197,0.8096678,2.5063,0.1481466,0.0104,0.0161,75,0.5202837,"TRUE",0.9914,"LysoPE(0:0/22:6(4Z,7Z,10Z,13Z,16Z,19Z))","",41,12.028,11.8744,548.276,0
"M.11","CRP",1e-04,0.9973456,-0.1799,0.6751164,-9e-04,0.004,74,0.8290938,"TRUE",0.9919,"LysoPE(0:0/22:6(4Z,7Z,10Z,13Z,16Z,19Z))","",41,12.028,11.8744,548.276,0
"M.11","ApoB",-0.1292,0.43968,-3.6819,0.3005605,2e-04,0.0281,64.49,0.9935218,"FALSE",0.9968,"LysoPE(0:0/22:6(4Z,7Z,10Z,13Z,16Z,19Z))","",41,12.028,11.8744,548.276,0
"M.11","HDL_LDL",8e-04,0.4262179,0.0322,0.1558105,0,2e-04,73.36,0.9487271,"FALSE",0.9928,"LysoPE(0:0/22:6(4Z,7Z,10Z,13Z,16Z,19Z))","",41,12.028,11.8744,548.276,0
"M.11","Chol_T_HDL",-0.0063,0.3557263,-0.2813,0.0533595,-0.0017,0.0013,73.77,0.2079603,"FALSE",0.9914,"LysoPE(0:0/22:6(4Z,7Z,10Z,13Z,16Z,19Z))","",41,12.028,11.8744,548.276,0
"M.12","SBP",0.0516,0.6960723,-2.9642,0.314189,0.0039,0.0221,61,0.8619738,"TRUE",0.9919,"OPC-6:0","136768-22-4",161,13.236,13.290067,249.1851,0
"M.12","DBP",-0.0204,0.798461,-0.9997,0.5736132,0.006,0.0134,61,0.6566635,"TRUE",0.9914,"OPC-6:0","136768-22-4",161,13.236,13.290067,249.1851,0
"M.12","Insulin",-0.0187,0.7719257,-0.2152,0.8810907,-0.0059,0.0105,74,0.5744214,"TRUE",0.9914,"OPC-6:0","136768-22-4",161,13.236,13.290067,249.1851,0
"M.12","Chol_T",-0.3442,0.2210975,-5.7852,0.3491938,0.0484,0.0398,68.31,0.2278236,"FALSE",0.9914,"OPC-6:0","136768-22-4",161,13.236,13.290067,249.1851,0
"M.12","TG",-0.1724,0.7401332,-9.2322,0.4260878,-0.147,0.0851,75,0.0881457,"TRUE",0.9914,"OPC-6:0","136768-22-4",161,13.236,13.290067,249.1851,0
"M.12","LDL",-0.2857,0.1720819,-4.8963,0.2921588,0.0398,0.034,75,0.2462283,"TRUE",0.9914,"OPC-6:0","136768-22-4",161,13.236,13.290067,249.1851,0
"M.12","HDL",-0.0064,0.9371816,1.3276,0.466163,0.03,0.0128,72.87,0.02168,"FALSE",0.9914,"OPC-6:0","136768-22-4",161,13.236,13.290067,249.1851,0
"M.12","CRP",0.0012,0.952811,-0.1554,0.7294505,-8e-04,0.0033,74,0.8197803,"TRUE",0.9919,"OPC-6:0","136768-22-4",161,13.236,13.290067,249.1851,0
"M.12","ApoB",-0.1342,0.4216997,-4.0303,0.2753406,0.0086,0.0231,66.19,0.7108168,"FALSE",0.9914,"OPC-6:0","136768-22-4",161,13.236,13.290067,249.1851,0
"M.12","HDL_LDL",7e-04,0.4864762,0.0237,0.3049857,2e-04,2e-04,73.91,0.2198199,"FALSE",0.9914,"OPC-6:0","136768-22-4",161,13.236,13.290067,249.1851,0
"M.12","Chol_T_HDL",-0.0041,0.5533668,-0.2334,0.129845,-0.0014,0.0011,73.07,0.1986257,"FALSE",0.9914,"OPC-6:0","136768-22-4",161,13.236,13.290067,249.1851,0
"M.13","SBP",0.0363,0.7865651,-2.6174,0.3499212,-0.014,0.0215,61,0.5180488,"TRUE",0.9914,"PC(20:0/18:4(6Z,9Z,12Z,15Z))","",121,15.11589,14.995434,810.6,0
"M.13","DBP",-0.0213,0.7930986,-0.723,0.6700503,-0.0021,0.0131,61,0.8705327,"TRUE",0.9919,"PC(20:0/18:4(6Z,9Z,12Z,15Z))","",121,15.11589,14.995434,810.6,0
"M.13","Insulin",-0.0347,0.59352,-0.3818,0.7797894,-0.0113,0.0107,74,0.294067,"TRUE",0.9914,"PC(20:0/18:4(6Z,9Z,12Z,15Z))","",121,15.11589,14.995434,810.6,0
"M.13","Chol_T",-0.2824,0.3230586,-4.0129,0.5041193,0.032,0.0409,69.78,0.4375403,"FALSE",0.9914,"PC(20:0/18:4(6Z,9Z,12Z,15Z))","",121,15.11589,14.995434,810.6,0
"M.13","TG",-0.2832,0.5979027,-15.1287,0.1814151,-0.0254,0.0881,75,0.7738331,"TRUE",0.9914,"PC(20:0/18:4(6Z,9Z,12Z,15Z))","",121,15.11589,14.995434,810.6,0
"M.13","LDL",-0.2482,0.244559,-3.3519,0.4524402,0.0137,0.0349,75,0.6954698,"TRUE",0.9914,"PC(20:0/18:4(6Z,9Z,12Z,15Z))","",121,15.11589,14.995434,810.6,0
"M.13","HDL",0.0157,0.8495059,2.5343,0.1508663,0.0045,0.0135,74.86,0.7372828,"FALSE",0.9914,"PC(20:0/18:4(6Z,9Z,12Z,15Z))","",121,15.11589,14.995434,810.6,0
"M.13","CRP",-0.0078,0.691634,-0.1329,0.7478311,-0.0076,0.0032,74,0.0210102,"TRUE",0.9914,"PC(20:0/18:4(6Z,9Z,12Z,15Z))","",121,15.11589,14.995434,810.6,0
"M.13","ApoB",-0.1287,0.4439203,-3.6844,0.3010584,7e-04,0.0237,67.99,0.9777778,"FALSE",0.9928,"PC(20:0/18:4(6Z,9Z,12Z,15Z))","",121,15.11589,14.995434,810.6,0
"M.13","HDL_LDL",8e-04,0.4612773,0.0325,0.1547626,0,2e-04,74.32,0.8146395,"FALSE",0.9919,"PC(20:0/18:4(6Z,9Z,12Z,15Z))","",121,15.11589,14.995434,810.6,0
"M.13","Chol_T_HDL",-0.0042,0.5461751,-0.2954,0.0486443,6e-04,0.0011,74.4,0.6022944,"FALSE",0.9914,"PC(20:0/18:4(6Z,9Z,12Z,15Z))","",121,15.11589,14.995434,810.6,0
"M.14","SBP",0.0481,0.7213349,-2.7365,0.3325644,-0.0036,0.0214,61,0.8672154,"TRUE",0.9919,"C51 - 14.315125","",81,14.31513,14.2421,332.288,0
"M.14","DBP",-0.0032,0.9687709,-0.9838,0.5614113,0.0124,0.0129,61,0.3396664,"TRUE",0.9914,"C51 - 14.315125","",81,14.31513,14.2421,332.288,0
"M.14","Insulin",-0.021,0.7483114,-0.4692,0.7331853,0.001,0.01,74,0.9202819,"TRUE",0.9919,"C51 - 14.315125","",81,14.31513,14.2421,332.288,0
"M.14","Chol_T",-0.2874,0.3103121,-4.0516,0.4977616,0.0295,0.038,70.9,0.441116,"FALSE",0.9914,"C51 - 14.315125","",81,14.31513,14.2421,332.288,0
"M.14","TG",-0.1522,0.7737114,-16.2622,0.1476483,0.1,0.0809,75,0.2203608,"TRUE",0.9914,"C51 - 14.315125","",81,14.31513,14.2421,332.288,0
"M.14","LDL",-0.2661,0.2108872,-3.2242,0.470494,-0.0026,0.0324,75,0.935501,"TRUE",0.9919,"C51 - 14.315125","",81,14.31513,14.2421,332.288,0
"M.14","HDL",0.0104,0.8997453,2.5713,0.1448031,-3e-04,0.0125,74.95,0.980187,"FALSE",0.9931,"C51 - 14.315125","",81,14.31513,14.2421,332.288,0
"M.14","CRP",-0.0045,0.8218524,-0.1471,0.7271997,-0.0049,0.0031,74,0.1150127,"TRUE",0.9914,"C51 - 14.315125","",81,14.31513,14.2421,332.288,0
"M.14","ApoB",-0.117,0.4879935,-3.7624,0.2945248,0.0118,0.0221,70.08,0.5947959,"FALSE",0.9914,"C51 - 14.315125","",81,14.31513,14.2421,332.288,0
"M.14","HDL_LDL",8e-04,0.4324071,0.0322,0.1555045,0,2e-04,74.7,0.9958229,"FALSE",0.9971,"C51 - 14.315125","",81,14.31513,14.2421,332.288,0
"M.14","Chol_T_HDL",-0.0045,0.5190052,-0.2945,0.0497709,4e-04,0.001,74.56,0.728878,"FALSE",0.9914,"C51 - 14.315125","",81,14.31513,14.2421,332.288,0
"M.15","SBP",0.0646,0.6154519,-3.5706,0.1954963,0.0557,0.0298,61,0.0661595,"TRUE",0.9914,"10,20-Dihydroxyeicosanoic acid","120727-26-6",154,13.878,13.753667,367.2827,0
"M.15","DBP",-0.0131,0.8677992,-1.1195,0.5051755,0.0267,0.0182,61,0.1475819,"TRUE",0.9914,"10,20-Dihydroxyeicosanoic acid","120727-26-6",154,13.878,13.753667,367.2827,0
"M.15","Insulin",-0.0221,0.7314074,-0.4206,0.76132,-0.0029,0.0129,74,0.8194064,"TRUE",0.9919,"10,20-Dihydroxyeicosanoic acid","120727-26-6",154,13.878,13.753667,367.2827,0
"M.15","Chol_T",-0.3105,0.2483762,-3.0273,0.5981275,-0.0493,0.0495,73.69,0.3224415,"FALSE",0.9914,"10,20-Dihydroxyeicosanoic acid","120727-26-6",154,13.878,13.753667,367.2827,0
"M.15","TG",-0.2571,0.6261269,-15.9022,0.1638885,0.037,0.1038,75,0.7226062,"TRUE",0.9914,"10,20-Dihydroxyeicosanoic acid","120727-26-6",154,13.878,13.753667,367.2827,0
"M.15","LDL",-0.2598,0.2089083,-2.2597,0.6099998,-0.0628,0.0405,75,0.1250367,"TRUE",0.9914,"10,20-Dihydroxyeicosanoic acid","120727-26-6",154,13.878,13.753667,367.2827,0
"M.15","HDL",0.011,0.8926153,2.6673,0.1348767,-0.0063,0.0159,70.96,0.6952201,"FALSE",0.9914,"10,20-Dihydroxyeicosanoic acid","120727-26-6",154,13.878,13.753667,367.2827,0
"M.15","CRP",8e-04,0.9665899,-0.2297,0.5933103,0.0031,0.004,74,0.4327722,"TRUE",0.9914,"10,20-Dihydroxyeicosanoic acid","120727-26-6",154,13.878,13.753667,367.2827,0
"M.15","ApoB",-0.1283,0.4274095,-3.3182,0.341281,-0.0256,0.029,73.88,0.3799071,"FALSE",0.9914,"10,20-Dihydroxyeicosanoic acid","120727-26-6",154,13.878,13.753667,367.2827,0
"M.15","HDL_LDL",8e-04,0.4257334,0.0292,0.1934788,2e-04,2e-04,71.27,0.342883,"FALSE",0.9914,"10,20-Dihydroxyeicosanoic acid","120727-26-6",154,13.878,13.753667,367.2827,0
"M.15","Chol_T_HDL",-0.0048,0.4778558,-0.2785,0.0602338,-8e-04,0.0013,71.02,0.5381928,"FALSE",0.9914,"10,20-Dihydroxyeicosanoic acid","120727-26-6",154,13.878,13.753667,367.2827,0
"M.16","SBP",0.0691,0.6002461,-2.0565,0.4713758,0.0269,0.0254,61,0.2939671,"TRUE",0.9914,"C53 - 1.3899997","",26,1.39,1.319283,198.9534,0
"M.16","DBP",-0.004,0.9600208,-0.0757,0.964613,0.0243,0.0152,61,0.11513,"TRUE",0.9914,"C53 - 1.3899997","",26,1.39,1.319283,198.9534,0
"M.16","Insulin",-0.0208,0.7476885,-0.3937,0.7830069,0.0021,0.0125,74,0.8652268,"TRUE",0.9919,"C53 - 1.3899997","",26,1.39,1.319283,198.9534,0
"M.16","Chol_T",-0.3358,0.2306366,-4.9478,0.4150954,-0.0408,0.0464,73.29,0.3821079,"FALSE",0.9914,"C53 - 1.3899997","",26,1.39,1.319283,198.9534,0
"M.16","TG",-0.2768,0.6009393,-16.7109,0.1517137,-0.0485,0.0989,75,0.6255072,"TRUE",0.9914,"C53 - 1.3899997","",26,1.39,1.319283,198.9534,0
"M.16","LDL",-0.2753,0.1903574,-4.0091,0.3822648,-0.0265,0.0391,75,0.5003126,"TRUE",0.9914,"C53 - 1.3899997","",26,1.39,1.319283,198.9534,0
"M.16","HDL",0.0119,0.8842781,2.6467,0.1449683,0.0027,0.0152,74.89,0.858042,"FALSE",0.9919,"C53 - 1.3899997","",26,1.39,1.319283,198.9534,0
"M.16","CRP",0.0071,0.7086248,0.1692,0.6868972,0.0112,0.0037,74,0.0030373,"TRUE",0.9914,"C53 - 1.3899997","",26,1.39,1.319283,198.9534,0
"M.16","ApoB",-0.1346,0.4196173,-3.9559,0.2803167,-0.0088,0.0278,70.71,0.7522521,"FALSE",0.9914,"C53 - 1.3899997","",26,1.39,1.319283,198.9534,0
"M.16","HDL_LDL",9e-04,0.4136836,0.0342,0.1446382,1e-04,2e-04,74.99,0.7175361,"FALSE",0.9914,"C53 - 1.3899997","",26,1.39,1.319283,198.9534,0
"M.16","Chol_T_HDL",-0.0051,0.4625179,-0.3055,0.0476981,-5e-04,0.0012,74.99,0.6870075,"FALSE",0.9914,"C53 - 1.3899997","",26,1.39,1.319283,198.9534,0
"M.17","SBP",0.0682,0.6048169,-3.1053,0.2660573,-0.0192,0.019,61,0.3152599,"TRUE",0.9914,"DG(22:6(4Z,7Z,10Z,13Z,16Z,19Z)/22:5(7Z,10Z,13Z,16Z,19Z)/0:0)","",156,17.882,17.752184,732.5574,0
"M.17","DBP",-0.0178,0.8246553,-0.771,0.6497849,-0.0012,0.0116,61,0.914938,"TRUE",0.9919,"DG(22:6(4Z,7Z,10Z,13Z,16Z,19Z)/22:5(7Z,10Z,13Z,16Z,19Z)/0:0)","",156,17.882,17.752184,732.5574,0
"M.17","Insulin",-0.0242,0.707866,-0.4281,0.75546,0.0038,0.0092,74,0.6812275,"TRUE",0.9914,"DG(22:6(4Z,7Z,10Z,13Z,16Z,19Z)/22:5(7Z,10Z,13Z,16Z,19Z)/0:0)","",156,17.882,17.752184,732.5574,0
"M.17","Chol_T",-0.3471,0.191258,-3.2444,0.5623139,0.0609,0.0352,73.49,0.0876616,"FALSE",0.9914,"DG(22:6(4Z,7Z,10Z,13Z,16Z,19Z)/22:5(7Z,10Z,13Z,16Z,19Z)/0:0)","",156,17.882,17.752184,732.5574,0
"M.17","TG",-0.3183,0.5417557,-14.2603,0.2007345,0.116,0.0748,75,0.1251367,"TRUE",0.9914,"DG(22:6(4Z,7Z,10Z,13Z,16Z,19Z)/22:5(7Z,10Z,13Z,16Z,19Z)/0:0)","",156,17.882,17.752184,732.5574,0
"M.17","LDL",-0.2839,0.1735724,-2.9051,0.5107959,0.0377,0.0298,75,0.2096941,"TRUE",0.9914,"DG(22:6(4Z,7Z,10Z,13Z,16Z,19Z)/22:5(7Z,10Z,13Z,16Z,19Z)/0:0)","",156,17.882,17.752184,732.5574,0
"M.17","HDL",0.0074,0.9276868,2.6241,0.1358552,0.0061,0.0116,74.96,0.5997092,"FALSE",0.9914,"DG(22:6(4Z,7Z,10Z,13Z,16Z,19Z)/22:5(7Z,10Z,13Z,16Z,19Z)/0:0)","",156,17.882,17.752184,732.5574,0
"M.17","CRP",8e-04,0.9694367,-0.1865,0.6637328,0,0.0029,74,0.999503,"TRUE",0.9995,"DG(22:6(4Z,7Z,10Z,13Z,16Z,19Z)/22:5(7Z,10Z,13Z,16Z,19Z)/0:0)","",156,17.882,17.752184,732.5574,0
"M.17","ApoB",-0.1439,0.3739135,-3.4491,0.3185439,0.0261,0.0203,70.04,0.202902,"FALSE",0.9914,"DG(22:6(4Z,7Z,10Z,13Z,16Z,19Z)/22:5(7Z,10Z,13Z,16Z,19Z)/0:0)","",156,17.882,17.752184,732.5574,0
"M.17","HDL_LDL",8e-04,0.4230005,0.0321,0.1570098,0,1e-04,74.73,0.9151424,"FALSE",0.9919,"DG(22:6(4Z,7Z,10Z,13Z,16Z,19Z)/22:5(7Z,10Z,13Z,16Z,19Z)/0:0)","",156,17.882,17.752184,732.5574,0
"M.17","Chol_T_HDL",-0.0052,0.4426949,-0.2847,0.0544357,7e-04,0.001,74.77,0.4590707,"FALSE",0.9914,"DG(22:6(4Z,7Z,10Z,13Z,16Z,19Z)/22:5(7Z,10Z,13Z,16Z,19Z)/0:0)","",156,17.882,17.752184,732.5574,0
"M.18","SBP",0.0751,0.5705685,-2.6218,0.344246,-0.0207,0.0186,61,0.2697533,"TRUE",0.9914,"8-Hydroxypurine","13230-97-2",123,1.227,1.302717,121.0509,0
"M.18","DBP",-0.0093,0.9075997,-0.6745,0.6885566,-0.0088,0.0113,61,0.441942,"TRUE",0.9914,"8-Hydroxypurine","13230-97-2",123,1.227,1.302717,121.0509,0
"M.18","Insulin",-0.0185,0.778472,-0.4348,0.7520567,-0.0026,0.0092,74,0.7777452,"TRUE",0.9914,"8-Hydroxypurine","13230-97-2",123,1.227,1.302717,121.0509,0
"M.18","Chol_T",-0.2615,0.3521943,-3.4237,0.5622486,-0.0429,0.0343,66.88,0.2157512,"FALSE",0.9914,"8-Hydroxypurine","13230-97-2",123,1.227,1.302717,121.0509,0
"M.18","TG",-0.3578,0.5025564,-15.9676,0.1557662,0.0789,0.0746,75,0.2934492,"TRUE",0.9914,"8-Hydroxypurine","13230-97-2",123,1.227,1.302717,121.0509,0
"M.18","LDL",-0.2107,0.3170756,-2.9167,0.5081227,-0.0405,0.0294,75,0.1725054,"TRUE",0.9914,"8-Hydroxypurine","13230-97-2",123,1.227,1.302717,121.0509,0
"M.18","HDL",0.0302,0.7180809,2.6948,0.1308907,-0.0152,0.0113,72.25,0.1851642,"FALSE",0.9914,"8-Hydroxypurine","13230-97-2",123,1.227,1.302717,121.0509,0
"M.18","CRP",-0.004,0.8438507,-0.2214,0.6025736,0.0035,0.0028,74,0.2267932,"TRUE",0.9914,"8-Hydroxypurine","13230-97-2",123,1.227,1.302717,121.0509,0
"M.18","ApoB",-0.0998,0.5505936,-3.4519,0.3304825,-0.0218,0.0199,64.75,0.2775226,"FALSE",0.9914,"8-Hydroxypurine","13230-97-2",123,1.227,1.302717,121.0509,0
"M.18","HDL_LDL",8e-04,0.4632721,0.0319,0.1581199,0,1e-04,72.64,0.7678003,"FALSE",0.9914,"8-Hydroxypurine","13230-97-2",123,1.227,1.302717,121.0509,0
"M.18","Chol_T_HDL",-0.0049,0.4818845,-0.2914,0.0505262,0,9e-04,72.51,0.9743776,"FALSE",0.9928,"8-Hydroxypurine","13230-97-2",123,1.227,1.302717,121.0509,0
"M.19","SBP",0.0498,0.7076999,-2.8145,0.3141354,-0.0058,0.0293,61,0.8448938,"TRUE",0.9919,"LysoPE(22:5(7Z,10Z,13Z,16Z,19Z)/0:0)","",142,12.154,12.172433,528.3096,0
"M.19","DBP",-0.0267,0.7380159,-0.7813,0.6413994,-0.016,0.0176,61,0.367232,"TRUE",0.9914,"LysoPE(22:5(7Z,10Z,13Z,16Z,19Z)/0:0)","",142,12.154,12.172433,528.3096,0
"M.19","Insulin",-0.0359,0.5817962,-0.6484,0.63692,-0.0158,0.0142,74,0.2707326,"TRUE",0.9914,"LysoPE(22:5(7Z,10Z,13Z,16Z,19Z)/0:0)","",142,12.154,12.172433,528.3096,0
"M.19","Chol_T",-0.2549,0.3684201,-2.918,0.6249771,0.0691,0.0546,72.09,0.209674,"FALSE",0.9914,"LysoPE(22:5(7Z,10Z,13Z,16Z,19Z)/0:0)","",142,12.154,12.172433,528.3096,0
"M.19","TG",-0.0463,0.9296345,-12.4302,0.2620768,0.2319,0.1144,75,0.0462998,"TRUE",0.9914,"LysoPE(22:5(7Z,10Z,13Z,16Z,19Z)/0:0)","",142,12.154,12.172433,528.3096,0
"M.19","LDL",-0.269,0.2092468,-3.3263,0.4593134,-0.0062,0.0465,75,0.894237,"TRUE",0.9919,"LysoPE(22:5(7Z,10Z,13Z,16Z,19Z)/0:0)","",142,12.154,12.172433,528.3096,0
"M.19","HDL",0.0281,0.7368676,2.8122,0.1165547,0.0195,0.0179,74.99,0.2791049,"FALSE",0.9914,"LysoPE(22:5(7Z,10Z,13Z,16Z,19Z)/0:0)","",142,12.154,12.172433,528.3096,0
"M.19","CRP",-0.0016,0.9360449,-0.2191,0.6108763,-0.0027,0.0045,74,0.539852,"TRUE",0.9914,"LysoPE(22:5(7Z,10Z,13Z,16Z,19Z)/0:0)","",142,12.154,12.172433,528.3096,0
"M.19","ApoB",-0.1339,0.4267497,-3.7401,0.296214,-0.0049,0.0317,69.94,0.8768007,"FALSE",0.9919,"LysoPE(22:5(7Z,10Z,13Z,16Z,19Z)/0:0)","",142,12.154,12.172433,528.3096,0
"M.19","HDL_LDL",0.0011,0.3105108,0.0356,0.1170202,3e-04,2e-04,74.96,0.2304753,"FALSE",0.9914,"LysoPE(22:5(7Z,10Z,13Z,16Z,19Z)/0:0)","",142,12.154,12.172433,528.3096,0
"M.19","Chol_T_HDL",-0.0053,0.4470244,-0.2974,0.047614,-5e-04,0.0015,74.96,0.7322925,"FALSE",0.9914,"LysoPE(22:5(7Z,10Z,13Z,16Z,19Z)/0:0)","",142,12.154,12.172433,528.3096,0
"M.2","SBP",0.0514,0.6975032,-2.7956,0.3174067,0.0032,0.0198,61,0.8703244,"TRUE",0.9919,"PC(18:3(6Z,9Z,12Z)/18:3(9Z,12Z,15Z))","",2,15.64423,15.541817,778.5379,0
"M.2","DBP",-0.0176,0.8261014,-0.7601,0.6524281,-0.0034,0.012,61,0.7803586,"TRUE",0.9914,"PC(18:3(6Z,9Z,12Z)/18:3(9Z,12Z,15Z))","",2,15.64423,15.541817,778.5379,0
"M.2","Insulin",-0.0216,0.7367223,-0.4079,0.7668612,0.0048,0.0096,74,0.6228006,"TRUE",0.9914,"PC(18:3(6Z,9Z,12Z)/18:3(9Z,12Z,15Z))","",2,15.64423,15.541817,778.5379,0
"M.2","Chol_T",-0.3119,0.2599524,-3.4973,0.5525664,0.0216,0.0374,74.85,0.5656426,"FALSE",0.9914,"PC(18:3(6Z,9Z,12Z)/18:3(9Z,12Z,15Z))","",2,15.64423,15.541817,778.5379,0
"M.2","TG",-0.2437,0.6430183,-14.4567,0.2007673,0.0642,0.0779,75,0.4125426,"TRUE",0.9914,"PC(18:3(6Z,9Z,12Z)/18:3(9Z,12Z,15Z))","",2,15.64423,15.541817,778.5379,0
"M.2","LDL",-0.2618,0.2124779,-3.1256,0.4847812,0.0092,0.031,75,0.7676731,"TRUE",0.9914,"PC(18:3(6Z,9Z,12Z)/18:3(9Z,12Z,15Z))","",2,15.64423,15.541817,778.5379,0
"M.2","HDL",0.0111,0.891985,2.5959,0.1419713,0.0021,0.012,71.5,0.8648183,"FALSE",0.9919,"PC(18:3(6Z,9Z,12Z)/18:3(9Z,12Z,15Z))","",2,15.64423,15.541817,778.5379,0
"M.2","CRP",6e-04,0.9762898,-0.2088,0.6259578,-0.002,0.003,74,0.507424,"TRUE",0.9914,"PC(18:3(6Z,9Z,12Z)/18:3(9Z,12Z,15Z))","",2,15.64423,15.541817,778.5379,0
"M.2","ApoB",-0.1309,0.4295126,-3.8342,0.2817657,-0.0132,0.0218,73.64,0.5481847,"FALSE",0.9914,"PC(18:3(6Z,9Z,12Z)/18:3(9Z,12Z,15Z))","",2,15.64423,15.541817,778.5379,0
"M.2","HDL_LDL",9e-04,0.4176496,0.0334,0.1416166,1e-04,2e-04,72.59,0.5690596,"FALSE",0.9914,"PC(18:3(6Z,9Z,12Z)/18:3(9Z,12Z,15Z))","",2,15.64423,15.541817,778.5379,0
"M.2","Chol_T_HDL",-0.0049,0.478217,-0.2922,0.0509705,-1e-04,0.001,72.65,0.9342809,"FALSE",0.9919,"PC(18:3(6Z,9Z,12Z)/18:3(9Z,12Z,15Z))","",2,15.64423,15.541817,778.5379,0
"M.20","SBP",0.0504,0.7028768,-3.0002,0.2959226,0.0078,0.0257,61,0.7624796,"TRUE",0.9914,"C74 - 1.934","",152,1.934,1.83255,215.0165,0
"M.20","DBP",-0.0195,0.8070795,-0.8137,0.6387778,0.0025,0.0156,61,0.8744742,"TRUE",0.9919,"C74 - 1.934","",152,1.934,1.83255,215.0165,0
"M.20","Insulin",-0.0203,0.7457758,0.1921,0.888663,-0.0237,0.0115,74,0.0420203,"TRUE",0.9914,"C74 - 1.934","",152,1.934,1.83255,215.0165,0
"M.20","Chol_T",-0.3134,0.2575146,-3.2604,0.5871622,-0.0184,0.0454,73.6,0.6862484,"FALSE",0.9914,"C74 - 1.934","",152,1.934,1.83255,215.0165,0
"M.20","TG",-0.258,0.6250278,-16.0756,0.1674456,0.0264,0.0964,75,0.7851864,"TRUE",0.9919,"C74 - 1.934","",152,1.934,1.83255,215.0165,0
"M.20","LDL",-0.2606,0.2135025,-2.5716,0.5741482,-0.0236,0.0381,75,0.5368774,"TRUE",0.9914,"C74 - 1.934","",152,1.934,1.83255,215.0165,0
"M.20","HDL",0.0111,0.8926317,2.6936,0.1411354,-0.0043,0.0148,74.97,0.769687,"FALSE",0.9914,"C74 - 1.934","",152,1.934,1.83255,215.0165,0
"M.20","CRP",3e-04,0.9873347,-0.359,0.4061374,0.0063,0.0036,74,0.0861255,"TRUE",0.9914,"C74 - 1.934","",152,1.934,1.83255,215.0165,0
"M.20","ApoB",-0.1286,0.4355358,-3.4593,0.3371464,-0.0081,0.0263,71.12,0.7592761,"FALSE",0.9914,"C74 - 1.934","",152,1.934,1.83255,215.0165,0
"M.20","HDL_LDL",8e-04,0.4275509,0.034,0.148642,-1e-04,2e-04,74.97,0.7402975,"FALSE",0.9914,"C74 - 1.934","",152,1.934,1.83255,215.0165,0
"M.20","Chol_T_HDL",-0.0049,0.4790816,-0.3015,0.0512976,4e-04,0.0012,74.97,0.7662994,"FALSE",0.9914,"C74 - 1.934","",152,1.934,1.83255,215.0165,0
"M.21","SBP",0.0304,0.8247748,-3.0879,0.2762642,-0.0117,0.0206,61,0.5714591,"TRUE",0.9914,"C80 - 15.039","",162,15.039,15.078217,328.3213,0
"M.21","DBP",-0.0444,0.5914898,-1.0781,0.5261134,-0.0135,0.0124,61,0.2810567,"TRUE",0.9914,"C80 - 15.039","",162,15.039,15.078217,328.3213,0
"M.21","Insulin",-0.04,0.5405538,-0.7141,0.6034952,-0.0121,0.0095,74,0.2097715,"TRUE",0.9914,"C80 - 15.039","",162,15.039,15.078217,328.3213,0
"M.21","Chol_T",-0.3488,0.2101586,-4.2514,0.4659536,-0.0248,0.0369,74.91,0.5033757,"FALSE",0.9914,"C80 - 15.039","",162,15.039,15.078217,328.3213,0
"M.21","TG",-0.3011,0.5761409,-15.9293,0.161988,-0.0333,0.0779,75,0.6701538,"TRUE",0.9914,"C80 - 15.039","",162,15.039,15.078217,328.3213,0
"M.21","LDL",-0.3142,0.1398677,-3.9204,0.3788354,-0.0367,0.0306,75,0.2341768,"TRUE",0.9914,"C80 - 15.039","",162,15.039,15.078217,328.3213,0
"M.21","HDL",0.0225,0.7875749,2.7268,0.1271259,0.0086,0.0119,74.27,0.4724081,"FALSE",0.9914,"C80 - 15.039","",162,15.039,15.078217,328.3213,0
"M.21","CRP",0.0053,0.7970311,-0.1233,0.7741276,0.003,0.003,74,0.3159792,"TRUE",0.9914,"C80 - 15.039","",162,15.039,15.078217,328.3213,0
"M.21","ApoB",-0.1668,0.3161335,-4.2175,0.2319219,-0.0255,0.0215,72.95,0.2391237,"FALSE",0.9914,"C80 - 15.039","",162,15.039,15.078217,328.3213,0
"M.21","HDL_LDL",0.001,0.3388962,0.0347,0.1271152,1e-04,2e-04,74.53,0.3752539,"FALSE",0.9914,"C80 - 15.039","",162,15.039,15.078217,328.3213,0
"M.21","Chol_T_HDL",-0.0062,0.3682059,-0.309,0.0370376,-0.001,0.001,74.29,0.3203067,"FALSE",0.9914,"C80 - 15.039","",162,15.039,15.078217,328.3213,0
"M.22","SBP",0.0726,0.5988267,-2.6431,0.3466918,0.0111,0.0225,61,0.6233975,"TRUE",0.9914,"LysoPC(18:1(9Z))","3542-29-8",27,14.265,NA,522.3558,0
"M.22","DBP",-0.0282,0.7356614,-0.827,0.6262743,-0.0052,0.0136,61,0.7037371,"TRUE",0.9914,"LysoPC(18:1(9Z))","3542-29-8",27,14.265,NA,522.3558,0
"M.22","Insulin",-0.0054,0.9343558,-0.3484,0.7988792,0.0115,0.0108,74,0.2908329,"TRUE",0.9914,"LysoPC(18:1(9Z))","3542-29-8",27,14.265,NA,522.3558,0
"M.22","Chol_T",-0.3627,0.2040567,-4.0781,0.4910522,-0.0317,0.041,66.05,0.4420932,"FALSE",0.9914,"LysoPC(18:1(9Z))","3542-29-8",27,14.265,NA,522.3558,0
"M.22","TG",-0.1781,0.7424178,-14.8127,0.1902637,0.0536,0.0891,75,0.5497258,"TRUE",0.9914,"LysoPC(18:1(9Z))","3542-29-8",27,14.265,NA,522.3558,0
"M.22","LDL",-0.3142,0.144078,-3.5845,0.4196814,-0.0355,0.0351,75,0.3161529,"TRUE",0.9914,"LysoPC(18:1(9Z))","3542-29-8",27,14.265,NA,522.3558,0
"M.22","HDL",0.0079,0.9246186,2.5501,0.1484957,-0.0019,0.0137,72.3,0.8883546,"FALSE",0.9919,"LysoPC(18:1(9Z))","3542-29-8",27,14.265,NA,522.3558,0
"M.22","CRP",0.0039,0.8516158,-0.1656,0.6990652,0.0021,0.0034,74,0.5303436,"TRUE",0.9914,"LysoPC(18:1(9Z))","3542-29-8",27,14.265,NA,522.3558,0
"M.22","ApoB",-0.1165,0.490957,-3.5966,0.3119511,0.0088,0.0235,63.44,0.710954,"FALSE",0.9914,"LysoPC(18:1(9Z))","3542-29-8",27,14.265,NA,522.3558,0
"M.22","HDL_LDL",0.0012,0.2342137,0.0349,0.1071495,3e-04,2e-04,75,0.1053308,"TRUE",0.9914,"LysoPC(18:1(9Z))","3542-29-8",27,14.265,NA,522.3558,0
"M.22","Chol_T_HDL",-0.0057,0.4154473,-0.2967,0.0454006,-6e-04,0.0011,71.68,0.6017997,"FALSE",0.9914,"LysoPC(18:1(9Z))","3542-29-8",27,14.265,NA,522.3558,0
"M.23","SBP",0.0538,0.6849713,-2.7996,0.3167853,0.0021,0.0227,61,0.9255569,"TRUE",0.9919,"Glutarylcarnitine","",158,1.904,1.799433,275.1599,0
"M.23","DBP",-0.0263,0.7419177,-0.778,0.6425073,-0.0132,0.0137,61,0.3393393,"TRUE",0.9914,"Glutarylcarnitine","",158,1.904,1.799433,275.1599,0
"M.23","Insulin",-0.0166,0.795453,-0.4364,0.7492422,0.0105,0.0107,74,0.330034,"TRUE",0.9914,"Glutarylcarnitine","",158,1.904,1.799433,275.1599,0
"M.23","Chol_T",-0.331,0.234387,-3.9138,0.5056353,-0.0247,0.039,57.69,0.5300458,"FALSE",0.9914,"Glutarylcarnitine","",158,1.904,1.799433,275.1599,0
"M.23","TG",-0.2161,0.6827843,-14.9998,0.1834109,0.0626,0.086,75,0.469092,"TRUE",0.9914,"Glutarylcarnitine","",158,1.904,1.799433,275.1599,0
"M.23","LDL",-0.284,0.1761935,-3.4186,0.4406857,-0.0332,0.034,75,0.3314682,"TRUE",0.9914,"Glutarylcarnitine","",158,1.904,1.799433,275.1599,0
"M.23","HDL",0.0093,0.9090222,2.5567,0.1455869,-0.0022,0.0132,64.81,0.8658372,"FALSE",0.9919,"Glutarylcarnitine","",158,1.904,1.799433,275.1599,0
"M.23","CRP",0.0016,0.9361263,-0.1826,0.6692995,0.0016,0.0033,74,0.6266028,"TRUE",0.9914,"Glutarylcarnitine","",158,1.904,1.799433,275.1599,0
"M.23","ApoB",-0.1549,0.3631772,-3.7323,0.3053924,-0.05,0.0217,55.67,0.0246782,"FALSE",0.9914,"Glutarylcarnitine","",158,1.904,1.799433,275.1599,0
"M.23","HDL_LDL",0.001,0.3582643,0.0334,0.1427197,2e-04,2e-04,62.09,0.1730092,"FALSE",0.9914,"Glutarylcarnitine","",158,1.904,1.799433,275.1599,0
"M.23","Chol_T_HDL",-0.005,0.4652923,-0.2925,0.049345,-3e-04,0.0011,63.35,0.8021961,"FALSE",0.9919,"Glutarylcarnitine","",158,1.904,1.799433,275.1599,0
"M.24","SBP",0.059,0.6534293,-2.5932,0.351811,0.0193,0.021,61,0.3614377,"TRUE",0.9914,"C93 - 11.12","",108,11.12,11.08795,584.3356,0
"M.24","DBP",-0.0174,0.8280093,-0.7027,0.6779499,0.0045,0.0128,61,0.7278343,"TRUE",0.9914,"C93 - 11.12","",108,11.12,11.08795,584.3356,0
"M.24","Insulin",-0.0236,0.7150002,-0.51,0.7124566,-0.003,0.0105,74,0.7741234,"TRUE",0.9914,"C93 - 11.12","",108,11.12,11.08795,584.3356,0
"M.24","Chol_T",-0.2835,0.3119711,-2.7379,0.6465749,0.0558,0.0394,72.67,0.1611485,"FALSE",0.9914,"C93 - 11.12","",108,11.12,11.08795,584.3356,0
"M.24","TG",-0.2412,0.6492294,-14.8969,0.1917034,0.0227,0.085,75,0.7898226,"TRUE",0.9919,"C93 - 11.12","",108,11.12,11.08795,584.3356,0
"M.24","LDL",-0.2373,0.2550771,-2.4487,0.5820529,0.043,0.0333,75,0.2000567,"TRUE",0.9914,"C93 - 11.12","",108,11.12,11.08795,584.3356,0
"M.24","HDL",0.0121,0.882306,2.6117,0.1415833,0.0023,0.013,74.85,0.8586811,"FALSE",0.9919,"C93 - 11.12","",108,11.12,11.08795,584.3356,0
"M.24","CRP",-9e-04,0.963816,-0.2394,0.5765584,-0.0033,0.0033,74,0.3177266,"TRUE",0.9914,"C93 - 11.12","",108,11.12,11.08795,584.3356,0
"M.24","ApoB",-0.1136,0.489852,-3.1853,0.3675289,0.0302,0.0231,70.15,0.1959288,"FALSE",0.9914,"C93 - 11.12","",108,11.12,11.08795,584.3356,0
"M.24","HDL_LDL",8e-04,0.4765849,0.0298,0.1949512,-1e-04,2e-04,74.98,0.4293471,"FALSE",0.9914,"C93 - 11.12","",108,11.12,11.08795,584.3356,0
"M.24","Chol_T_HDL",-0.0045,0.5176859,-0.2797,0.0641269,6e-04,0.0011,74.99,0.5672908,"FALSE",0.9914,"C93 - 11.12","",108,11.12,11.08795,584.3356,0
"M.25","SBP",0.0545,0.6803856,-2.7629,0.3245849,0.0038,0.0209,61,0.8584018,"TRUE",0.9919,"Trimethylamine oxide","1184-78-7",162,1.206,1.0792,76.0756,0
"M.25","DBP",-0.0172,0.8298166,-0.7176,0.6716805,0.0031,0.0127,61,0.8072738,"TRUE",0.9919,"Trimethylamine oxide","1184-78-7",162,1.206,1.0792,76.0756,0
"M.25","Insulin",-0.0202,0.7508362,-0.393,0.7719599,0.0139,0.0097,74,0.1553658,"TRUE",0.9914,"Trimethylamine oxide","1184-78-7",162,1.206,1.0792,76.0756,0
"M.25","Chol_T",-0.3157,0.2565539,-3.7587,0.5240204,0.0114,0.0374,74.19,0.760814,"FALSE",0.9914,"Trimethylamine oxide","1184-78-7",162,1.206,1.0792,76.0756,0
"M.25","TG",-0.2518,0.6304234,-15.1089,0.1777036,0.0908,0.0784,75,0.2500454,"TRUE",0.9914,"Trimethylamine oxide","1184-78-7",162,1.206,1.0792,76.0756,0
"M.25","LDL",-0.2638,0.208777,-3.2751,0.4621921,-0.0112,0.0313,75,0.7201149,"TRUE",0.9914,"Trimethylamine oxide","1184-78-7",162,1.206,1.0792,76.0756,0
"M.25","HDL",0.0107,0.8955022,2.5725,0.1452375,0.0017,0.0121,74.55,0.8890419,"FALSE",0.9919,"Trimethylamine oxide","1184-78-7",162,1.206,1.0792,76.0756,0
"M.25","CRP",0.001,0.9609216,-0.1788,0.6759863,0.0016,0.003,74,0.6071744,"TRUE",0.9914,"Trimethylamine oxide","1184-78-7",162,1.206,1.0792,76.0756,0
"M.25","ApoB",-0.127,0.4403564,-3.5924,0.3085077,0.0171,0.0219,72.67,0.4366651,"FALSE",0.9914,"Trimethylamine oxide","1184-78-7",162,1.206,1.0792,76.0756,0
"M.25","HDL_LDL",8e-04,0.426534,0.0325,0.1536696,1e-04,2e-04,74.92,0.5487581,"FALSE",0.9914,"Trimethylamine oxide","1184-78-7",162,1.206,1.0792,76.0756,0
"M.25","Chol_T_HDL",-0.0049,0.476928,-0.2927,0.0496144,-7e-04,0.001,74.91,0.4887905,"FALSE",0.9914,"Trimethylamine oxide","1184-78-7",162,1.206,1.0792,76.0756,0
"M.26","SBP",0.0364,0.7851752,-3.0674,0.2759436,0.0146,0.0216,61,0.5005165,"TRUE",0.9914,"Capryloylglycine","14246-53-8",162,1.289,1.294433,219.1702,0
"M.26","DBP",-0.0254,0.7545623,-0.8577,0.6143974,0.0059,0.0131,61,0.6543625,"TRUE",0.9914,"Capryloylglycine","14246-53-8",162,1.289,1.294433,219.1702,0
"M.26","Insulin",-0.0241,0.7104403,-0.5062,0.7144031,0.0027,0.0099,74,0.7851566,"TRUE",0.9919,"Capryloylglycine","14246-53-8",162,1.289,1.294433,219.1702,0
"M.26","Chol_T",-0.3783,0.1595063,-5.2423,0.3571996,0.0744,0.037,75,0.0482959,"FALSE",0.9914,"Capryloylglycine","14246-53-8",162,1.289,1.294433,219.1702,0
"M.26","TG",-0.4794,0.3316268,-20.4378,0.0544897,0.2628,0.0739,75,0.0006579,"TRUE",0.9914,"Capryloylglycine","14246-53-8",162,1.289,1.294433,219.1702,0
"M.26","LDL",-0.2791,0.1868408,-3.607,0.4219721,0.0184,0.0316,75,0.5620208,"TRUE",0.9914,"Capryloylglycine","14246-53-8",162,1.289,1.294433,219.1702,0
"M.26","HDL",0.0032,0.9688148,2.3996,0.1767281,0.0087,0.0122,73.85,0.4794836,"FALSE",0.9914,"Capryloylglycine","14246-53-8",162,1.289,1.294433,219.1702,0
"M.26","CRP",6e-04,0.9755031,-0.1898,0.6598556,2e-04,0.0031,74,0.9482295,"TRUE",0.9928,"Capryloylglycine","14246-53-8",162,1.289,1.294433,219.1702,0
"M.26","ApoB",-0.1607,0.3076096,-4.409,0.1921011,0.044,0.022,74,0.0489071,"FALSE",0.9914,"Capryloylglycine","14246-53-8",162,1.289,1.294433,219.1702,0
"M.26","HDL_LDL",8e-04,0.4378143,0.032,0.1626082,0,2e-04,74.34,0.9260067,"FALSE",0.9919,"Capryloylglycine","14246-53-8",162,1.289,1.294433,219.1702,0
"M.26","Chol_T_HDL",-0.0047,0.4921945,-0.2888,0.0546772,-1e-04,0.001,74.35,0.9047849,"FALSE",0.9919,"Capryloylglycine","14246-53-8",162,1.289,1.294433,219.1702,0
"M.27","SBP",0.0496,0.7052203,-2.6459,0.3419613,0.0154,0.0178,61,0.3904029,"TRUE",0.9914,"C104 - 16.337","",96,16.337,16.344833,775.5973,0
"M.27","DBP",-0.0209,0.792525,-0.6434,0.7015003,0.0105,0.0108,61,0.3311254,"TRUE",0.9914,"C104 - 16.337","",96,16.337,16.344833,775.5973,0
"M.27","Insulin",-0.0243,0.7023851,-0.2834,0.8349139,0.0131,0.009,74,0.1487623,"TRUE",0.9914,"C104 - 16.337","",96,16.337,16.344833,775.5973,0
"M.27","Chol_T",-0.3144,0.2574021,-3.9531,0.5034707,-0.0116,0.0353,74.07,0.7442295,"FALSE",0.9914,"C104 - 16.337","",96,16.337,16.344833,775.5973,0
"M.27","TG",-0.2586,0.6241543,-14.933,0.1881942,0.0267,0.0748,75,0.7216915,"TRUE",0.9914,"C104 - 16.337","",96,16.337,16.344833,775.5973,0
"M.27","LDL",-0.2602,0.2134889,-3.5894,0.421053,-0.0235,0.0295,75,0.4274603,"TRUE",0.9914,"C104 - 16.337","",96,16.337,16.344833,775.5973,0
"M.27","HDL",0.0097,0.9043197,2.6783,0.123698,0.0076,0.0114,75,0.5074938,"TRUE",0.9914,"C104 - 16.337","",96,16.337,16.344833,775.5973,0
"M.27","CRP",-3e-04,0.9888425,-0.1037,0.8032823,0.0061,0.0028,74,0.0292796,"TRUE",0.9914,"C104 - 16.337","",96,16.337,16.344833,775.5973,0
"M.27","ApoB",-0.1289,0.4368794,-3.7228,0.2964535,-0.0032,0.0204,71.62,0.87615,"FALSE",0.9919,"C104 - 16.337","",96,16.337,16.344833,775.5973,0
"M.27","HDL_LDL",8e-04,0.4292921,0.0342,0.1270749,1e-04,1e-04,74.8,0.3484805,"FALSE",0.9914,"C104 - 16.337","",96,16.337,16.344833,775.5973,0
"M.27","Chol_T_HDL",-0.0047,0.4835522,-0.3045,0.0391212,-9e-04,9e-04,74.82,0.3280896,"FALSE",0.9914,"C104 - 16.337","",96,16.337,16.344833,775.5973,0
"M.28","SBP",0.0573,0.6654765,-2.6781,0.3412587,0.0081,0.0225,61,0.7180888,"TRUE",0.9914,"1,1-Dimethoxynonane","18824-63-0",162,1.145,1.112317,193.1549,0
"M.28","DBP",-0.0159,0.8426844,-0.6732,0.6919913,0.0051,0.0136,61,0.7104811,"TRUE",0.9914,"1,1-Dimethoxynonane","18824-63-0",162,1.145,1.112317,193.1549,0
"M.28","Insulin",-0.0193,0.7610217,-0.3425,0.800864,0.0146,0.0103,74,0.1594754,"TRUE",0.9914,"1,1-Dimethoxynonane","18824-63-0",162,1.145,1.112317,193.1549,0
"M.28","Chol_T",-0.3159,0.2553267,-3.7947,0.5194891,-0.0012,0.0399,73.19,0.9767654,"FALSE",0.9928,"1,1-Dimethoxynonane","18824-63-0",162,1.145,1.112317,193.1549,0
"M.28","TG",-0.2503,0.6349824,-15.0614,0.1826027,0.0416,0.0846,75,0.6242395,"TRUE",0.9914,"1,1-Dimethoxynonane","18824-63-0",162,1.145,1.112317,193.1549,0
"M.28","LDL",-0.2652,0.2061301,-3.3492,0.4522794,-0.0162,0.0335,75,0.6309176,"TRUE",0.9914,"1,1-Dimethoxynonane","18824-63-0",162,1.145,1.112317,193.1549,0
"M.28","HDL",0.0108,0.8943149,2.5767,0.1442407,0.0013,0.013,74.96,0.9186974,"FALSE",0.9919,"1,1-Dimethoxynonane","18824-63-0",162,1.145,1.112317,193.1549,0
"M.28","CRP",7e-04,0.9708154,-0.1881,0.6611577,-2e-04,0.0032,74,0.9525257,"TRUE",0.9928,"1,1-Dimethoxynonane","18824-63-0",162,1.145,1.112317,193.1549,0
"M.28","ApoB",-0.1274,0.442256,-3.5862,0.3132703,0.0112,0.0232,70.99,0.6309885,"FALSE",0.9914,"1,1-Dimethoxynonane","18824-63-0",162,1.145,1.112317,193.1549,0
"M.28","HDL_LDL",8e-04,0.4181935,0.0329,0.1451137,1e-04,2e-04,74.99,0.4898531,"FALSE",0.9914,"1,1-Dimethoxynonane","18824-63-0",162,1.145,1.112317,193.1549,0
"M.28","Chol_T_HDL",-0.005,0.4641039,-0.298,0.0440215,-0.0011,0.0011,74.99,0.3032514,"FALSE",0.9914,"1,1-Dimethoxynonane","18824-63-0",162,1.145,1.112317,193.1549,0
"M.29","SBP",0.0661,0.6142441,-3.7566,0.1937797,0.0356,0.0302,61,0.2430584,"TRUE",0.9914,"(23S)-23,25-Dihydroxy-24-oxovitamine D3 23-(beta-glucuronide)","",161,12.32,12.3132,627.2945,0
"M.29","DBP",-0.0104,0.8955426,-1.3484,0.4388574,0.0223,0.0183,61,0.2270846,"TRUE",0.9914,"(23S)-23,25-Dihydroxy-24-oxovitamine D3 23-(beta-glucuronide)","",161,12.32,12.3132,627.2945,0
"M.29","Insulin",-0.0227,0.724619,-0.3948,0.7806253,-0.0027,0.0144,74,0.8505201,"TRUE",0.9919,"(23S)-23,25-Dihydroxy-24-oxovitamine D3 23-(beta-glucuronide)","",161,12.32,12.3132,627.2945,0
"M.29","Chol_T",-0.3167,0.2535832,-3.6587,0.5439248,-0.0052,0.0547,67.72,0.9244789,"FALSE",0.9919,"(23S)-23,25-Dihydroxy-24-oxovitamine D3 23-(beta-glucuronide)","",161,12.32,12.3132,627.2945,0
"M.29","TG",-0.2678,0.6119664,-13.9061,0.2329888,-0.0567,0.1179,75,0.6323391,"TRUE",0.9914,"(23S)-23,25-Dihydroxy-24-oxovitamine D3 23-(beta-glucuronide)","",161,12.32,12.3132,627.2945,0
"M.29","LDL",-0.2659,0.206015,-2.9759,0.5181987,-0.0109,0.0467,75,0.8154867,"TRUE",0.9919,"(23S)-23,25-Dihydroxy-24-oxovitamine D3 23-(beta-glucuronide)","",161,12.32,12.3132,627.2945,0
"M.29","HDL",0.0133,0.8706793,2.2818,0.207497,0.0115,0.018,73.03,0.5260521,"FALSE",0.9914,"(23S)-23,25-Dihydroxy-24-oxovitamine D3 23-(beta-glucuronide)","",161,12.32,12.3132,627.2945,0
"M.29","CRP",4e-04,0.9838466,-0.1512,0.7320183,-0.0014,0.0045,74,0.7474074,"TRUE",0.9914,"(23S)-23,25-Dihydroxy-24-oxovitamine D3 23-(beta-glucuronide)","",161,12.32,12.3132,627.2945,0
"M.29","ApoB",-0.1237,0.4599073,-4.2291,0.2486894,0.0235,0.0313,66.02,0.4560514,"FALSE",0.9914,"(23S)-23,25-Dihydroxy-24-oxovitamine D3 23-(beta-glucuronide)","",161,12.32,12.3132,627.2945,0
"M.29","HDL_LDL",9e-04,0.3994958,0.0272,0.2389896,2e-04,2e-04,72.37,0.3757845,"FALSE",0.9914,"(23S)-23,25-Dihydroxy-24-oxovitamine D3 23-(beta-glucuronide)","",161,12.32,12.3132,627.2945,0
"M.29","Chol_T_HDL",-0.005,0.4630062,-0.2716,0.0748546,-8e-04,0.0015,72.24,0.598026,"FALSE",0.9914,"(23S)-23,25-Dihydroxy-24-oxovitamine D3 23-(beta-glucuronide)","",161,12.32,12.3132,627.2945,0
"M.3","SBP",0.055,0.6776115,-2.8609,0.3078554,-0.0044,0.0183,61,0.8096468,"TRUE",0.9919,"PC(14:0/20:3(5Z,8Z,11Z))","",78,18.434,18.422733,756.5558,0
"M.3","DBP",-0.0198,0.804987,-0.7292,0.6668717,0.0017,0.0111,61,0.8761714,"TRUE",0.9919,"PC(14:0/20:3(5Z,8Z,11Z))","",78,18.434,18.422733,756.5558,0
"M.3","Insulin",-0.0221,0.7315456,-0.454,0.7416188,7e-04,0.0091,74,0.9397938,"TRUE",0.9928,"PC(14:0/20:3(5Z,8Z,11Z))","",78,18.434,18.422733,756.5558,0
"M.3","Chol_T",-0.3167,0.2498298,-3.6537,0.5314679,0.0143,0.0349,71.2,0.6832731,"FALSE",0.9914,"PC(14:0/20:3(5Z,8Z,11Z))","",78,18.434,18.422733,756.5558,0
"M.3","TG",-0.2697,0.6015605,-14.0098,0.2056731,0.136,0.073,75,0.0664886,"TRUE",0.9914,"PC(14:0/20:3(5Z,8Z,11Z))","",78,18.434,18.422733,756.5558,0
"M.3","LDL",-0.2623,0.2114141,-3.3476,0.4532623,-0.0102,0.0295,75,0.7298302,"TRUE",0.9914,"PC(14:0/20:3(5Z,8Z,11Z))","",78,18.434,18.422733,756.5558,0
"M.3","HDL",0.0099,0.9026226,2.6449,0.1273037,0.008,0.0114,75,0.4874224,"TRUE",0.9914,"PC(14:0/20:3(5Z,8Z,11Z))","",78,18.434,18.422733,756.5558,0
"M.3","CRP",7e-04,0.9732686,-0.1747,0.6836435,0.0012,0.0028,74,0.6845816,"TRUE",0.9914,"PC(14:0/20:3(5Z,8Z,11Z))","",78,18.434,18.422733,756.5558,0
"M.3","ApoB",-0.1291,0.4365079,-3.7144,0.2970373,-0.0034,0.02,67.61,0.866476,"FALSE",0.9919,"PC(14:0/20:3(5Z,8Z,11Z))","",78,18.434,18.422733,756.5558,0
"M.3","HDL_LDL",8e-04,0.4327563,0.0333,0.1415189,1e-04,1e-04,74.2,0.429396,"FALSE",0.9914,"PC(14:0/20:3(5Z,8Z,11Z))","",78,18.434,18.422733,756.5558,0
"M.3","Chol_T_HDL",-0.0048,0.4789314,-0.2913,0.0508431,0,9e-04,74.26,0.9888788,"FALSE",0.9934,"PC(14:0/20:3(5Z,8Z,11Z))","",78,18.434,18.422733,756.5558,0
"M.30","SBP",0.0514,0.6965714,-2.7747,0.3208247,-0.0078,0.0231,61,0.7380214,"TRUE",0.9914,"C125 - 11.042","",108,11.042,11.08795,584.336,0
"M.30","DBP",-0.0203,0.798326,-0.7138,0.6712727,-0.0101,0.014,61,0.4736913,"TRUE",0.9914,"C125 - 11.042","",108,11.042,11.08795,584.336,0
"M.30","Insulin",-0.0251,0.6928584,-0.5248,0.6991428,-0.015,0.011,74,0.1752737,"TRUE",0.9914,"C125 - 11.042","",108,11.042,11.08795,584.336,0
"M.30","Chol_T",-0.3095,0.2683027,-3.6305,0.540301,0.0223,0.0413,68.16,0.5899371,"FALSE",0.9914,"C125 - 11.042","",108,11.042,11.08795,584.336,0
"M.30","TG",-0.2377,0.6521615,-14.9347,0.1859778,0.0563,0.0889,75,0.5289677,"TRUE",0.9914,"C125 - 11.042","",108,11.042,11.08795,584.336,0
"M.30","LDL",-0.2551,0.223155,-3.0649,0.4905986,0.0269,0.0352,75,0.4465461,"TRUE",0.9914,"C125 - 11.042","",108,11.042,11.08795,584.336,0
"M.30","HDL",0.0035,0.9651538,2.4078,0.1629226,-0.0235,0.0134,73.89,0.0839278,"FALSE",0.9914,"C125 - 11.042","",108,11.042,11.08795,584.336,0
"M.30","CRP",0.0012,0.9526428,-0.1779,0.6773229,0.002,0.0034,74,0.5589519,"TRUE",0.9914,"C125 - 11.042","",108,11.042,11.08795,584.336,0
"M.30","ApoB",-0.1258,0.4493103,-3.6011,0.3124532,0.0165,0.0239,62.79,0.4922121,"FALSE",0.9914,"C125 - 11.042","",108,11.042,11.08795,584.336,0
"M.30","HDL_LDL",7e-04,0.4862199,0.0301,0.189265,-3e-04,2e-04,71.34,0.0691419,"FALSE",0.9914,"C125 - 11.042","",108,11.042,11.08795,584.336,0
"M.30","Chol_T_HDL",-0.0041,0.5488398,-0.2753,0.0677644,0.0023,0.0011,70.88,0.0366813,"FALSE",0.9914,"C125 - 11.042","",108,11.042,11.08795,584.336,0
"M.31","SBP",0.0605,0.6436187,-2.3712,0.394535,0.0275,0.023,61,0.2365528,"TRUE",0.9914,"Prolyl-Asparagine","",126,1.189,1.21165,212.103,0
"M.31","DBP",-0.0147,0.8526863,-0.5251,0.7556843,0.0144,0.014,61,0.307285,"TRUE",0.9914,"Prolyl-Asparagine","",126,1.189,1.21165,212.103,0
"M.31","Insulin",-0.0222,0.7303536,-0.3936,0.7772794,0.0033,0.0109,74,0.7649986,"TRUE",0.9914,"Prolyl-Asparagine","",126,1.189,1.21165,212.103,0
"M.31","Chol_T",-0.3171,0.2570662,-3.4481,0.5648924,0.0161,0.0419,70.28,0.7019255,"FALSE",0.9914,"Prolyl-Asparagine","",126,1.189,1.21165,212.103,0
"M.31","TG",-0.2485,0.6296716,-18.8462,0.0931834,-0.1697,0.0877,75,0.0566631,"TRUE",0.9914,"Prolyl-Asparagine","",126,1.189,1.21165,212.103,0
"M.31","LDL",-0.2654,0.2101637,-2.3928,0.5971412,0.0411,0.0352,74.64,0.2476924,"FALSE",0.9914,"Prolyl-Asparagine","",126,1.189,1.21165,212.103,0
"M.31","HDL",0.0108,0.8946396,2.5224,0.1567852,-0.0022,0.0138,74.76,0.8727369,"FALSE",0.9919,"Prolyl-Asparagine","",126,1.189,1.21165,212.103,0
"M.31","CRP",6e-04,0.9745568,-0.1253,0.771514,0.003,0.0034,74,0.3835962,"TRUE",0.9914,"Prolyl-Asparagine","",126,1.189,1.21165,212.103,0
"M.31","ApoB",-0.1291,0.4348884,-3.7351,0.2966851,-0.0026,0.0241,67.52,0.9130446,"FALSE",0.9919,"Prolyl-Asparagine","",126,1.189,1.21165,212.103,0
"M.31","HDL_LDL",9e-04,0.4313395,0.0253,0.2814045,-3e-04,2e-04,72.09,0.0506682,"FALSE",0.9914,"Prolyl-Asparagine","",126,1.189,1.21165,212.103,0
"M.31","Chol_T_HDL",-0.0049,0.4789463,-0.2755,0.0686929,7e-04,0.0011,74,0.5073715,"FALSE",0.9914,"Prolyl-Asparagine","",126,1.189,1.21165,212.103,0
"M.32","SBP",0.053,0.6868457,-3.332,0.2466494,0.0207,0.0276,61,0.4546532,"TRUE",0.9914,"C132 - 12.282001","",158,12.282,12.387716,766.2868,0
"M.32","DBP",-0.0186,0.815016,-1.1195,0.5182893,0.0145,0.0167,61,0.3894917,"TRUE",0.9914,"C132 - 12.282001","",158,12.282,12.387716,766.2868,0
"M.32","Insulin",-0.0237,0.7098001,-0.0696,0.9598656,-0.0184,0.0131,74,0.16422,"TRUE",0.9914,"C132 - 12.282001","",158,12.282,12.387716,766.2868,0
"M.32","Chol_T",-0.3158,0.2557762,-3.7806,0.5267175,-3e-04,0.0509,74.3,0.994911,"FALSE",0.9969,"C132 - 12.282001","",158,12.282,12.387716,766.2868,0
"M.32","TG",-0.2697,0.6079366,-13.4474,0.2393469,-0.0955,0.1069,75,0.3744487,"TRUE",0.9914,"C132 - 12.282001","",158,12.282,12.387716,766.2868,0
"M.32","LDL",-0.2628,0.2110812,-3.328,0.4630913,0.004,0.0425,75,0.9247816,"TRUE",0.9919,"C132 - 12.282001","",158,12.282,12.387716,766.2868,0
"M.32","HDL",0.0122,0.8801746,2.3835,0.1757183,0.0094,0.0164,75,0.5683081,"TRUE",0.9914,"C132 - 12.282001","",158,12.282,12.387716,766.2868,0
"M.32","CRP",7e-04,0.9736221,-0.1606,0.7131318,-0.0012,0.0041,74,0.7695297,"TRUE",0.9914,"C132 - 12.282001","",158,12.282,12.387716,766.2868,0
"M.32","ApoB",-0.1296,0.4331395,-3.5982,0.3169071,-0.004,0.0295,70.87,0.8932156,"FALSE",0.9919,"C132 - 12.282001","",158,12.282,12.387716,766.2868,0
"M.32","HDL_LDL",8e-04,0.4265239,0.0321,0.16284,0,2e-04,74.84,0.9779998,"FALSE",0.9928,"C132 - 12.282001","",158,12.282,12.387716,766.2868,0
"M.32","Chol_T_HDL",-0.005,0.4521745,-0.2648,0.0728458,-0.0013,0.0013,74.58,0.319438,"FALSE",0.9914,"C132 - 12.282001","",158,12.282,12.387716,766.2868,0
"M.34","SBP",0.0634,0.6288223,-2.7124,0.3274974,0.0251,0.023,61,0.2785257,"TRUE",0.9914,"C158 - 11.972","",156,11.972,11.8744,901.546,0
"M.34","DBP",-0.0124,0.87606,-0.6968,0.6770517,0.015,0.0139,61,0.2841959,"TRUE",0.9914,"C158 - 11.972","",156,11.972,11.8744,901.546,0
"M.34","Insulin",-0.0237,0.7122845,-0.4796,0.7262316,-0.0079,0.0112,74,0.4851608,"TRUE",0.9914,"C158 - 11.972","",156,11.972,11.8744,901.546,0
"M.34","Chol_T",-0.3012,0.2776153,-3.5459,0.5466343,0.0529,0.0415,65.91,0.2072038,"FALSE",0.9914,"C158 - 11.972","",156,11.972,11.8744,901.546,0
"M.34","TG",-0.2585,0.6249515,-15.373,0.1742713,-0.012,0.0911,75,0.8956924,"TRUE",0.9919,"C158 - 11.972","",156,11.972,11.8744,901.546,0
"M.34","LDL",-0.254,0.2244159,-3.106,0.4838359,0.0321,0.0359,75,0.3738545,"TRUE",0.9914,"C158 - 11.972","",156,11.972,11.8744,901.546,0
"M.34","HDL",0.0168,0.8347649,2.6634,0.1269642,0.0213,0.0137,72.34,0.1260873,"FALSE",0.9914,"C158 - 11.972","",156,11.972,11.8744,901.546,0
"M.34","CRP",3e-04,0.9875449,-0.1916,0.6537828,-0.0022,0.0035,74,0.5354531,"TRUE",0.9914,"C158 - 11.972","",156,11.972,11.8744,901.546,0
"M.34","ApoB",-0.1242,0.4565,-3.6046,0.3133996,0.025,0.0239,60.24,0.3010198,"FALSE",0.9914,"C158 - 11.972","",156,11.972,11.8744,901.546,0
"M.34","HDL_LDL",8e-04,0.4306993,0.0321,0.1559797,0,2e-04,71.66,0.8897997,"FALSE",0.9919,"C158 - 11.972","",156,11.972,11.8744,901.546,0
"M.34","Chol_T_HDL",-0.0051,0.454087,-0.2952,0.0470013,-9e-04,0.0011,71.54,0.4229348,"FALSE",0.9914,"C158 - 11.972","",156,11.972,11.8744,901.546,0
"M.35","SBP",0.0632,0.6325779,-3.0087,0.2822541,0.025,0.0328,61,0.4492588,"TRUE",0.9914,"LysoPE(0:0/14:0)","",160,11.207,11.195567,426.2623,0
"M.35","DBP",-0.0107,0.8935807,-0.9098,0.5890007,0.0193,0.0198,61,0.3338665,"TRUE",0.9914,"LysoPE(0:0/14:0)","",160,11.207,11.195567,426.2623,0
"M.35","Insulin",-0.0208,0.7492703,-0.4757,0.7300685,0.002,0.0155,74,0.8996301,"TRUE",0.9919,"LysoPE(0:0/14:0)","",160,11.207,11.195567,426.2623,0
"M.35","Chol_T",-0.2488,0.3583314,-4.6079,0.4216131,0.1076,0.059,73.68,0.0721489,"FALSE",0.9914,"LysoPE(0:0/14:0)","",160,11.207,11.195567,426.2623,0
"M.35","TG",-0.0203,0.9677585,-18.2068,0.0887631,0.3806,0.1201,75,0.0022067,"TRUE",0.9914,"LysoPE(0:0/14:0)","",160,11.207,11.195567,426.2623,0
"M.35","LDL",-0.2321,0.2706236,-3.6337,0.4137764,0.0507,0.0503,75,0.3163203,"TRUE",0.9914,"LysoPE(0:0/14:0)","",160,11.207,11.195567,426.2623,0
"M.35","HDL",0.0029,0.9713523,2.6641,0.1253994,-0.0126,0.0195,75,0.5196653,"TRUE",0.9914,"LysoPE(0:0/14:0)","",160,11.207,11.195567,426.2623,0
"M.35","CRP",0.002,0.9219635,-0.201,0.6396232,0.002,0.0048,74,0.6876893,"TRUE",0.9914,"LysoPE(0:0/14:0)","",160,11.207,11.195567,426.2623,0
"M.35","ApoB",-0.0912,0.571497,-4.1188,0.2325672,0.0599,0.034,71.48,0.0824443,"FALSE",0.9914,"LysoPE(0:0/14:0)","",160,11.207,11.195567,426.2623,0
"M.35","HDL_LDL",6e-04,0.5759881,0.0356,0.0997892,-4e-04,2e-04,75,0.0759766,"TRUE",0.9914,"LysoPE(0:0/14:0)","",160,11.207,11.195567,426.2623,0
"M.35","Chol_T_HDL",-0.0033,0.616072,-0.3094,0.0331693,0.0024,0.0016,74.94,0.1332695,"FALSE",0.9914,"LysoPE(0:0/14:0)","",160,11.207,11.195567,426.2623,0
"M.36","SBP",0.0579,0.6535006,-2.0196,0.4647446,0.0401,0.0232,61,0.0882943,"TRUE",0.9914,"PE(P-18:0/0:0)","",117,12.539,12.4291,466.3297,0
"M.36","DBP",-0.0166,0.833455,-0.4208,0.8035087,0.0169,0.0142,61,0.2383128,"TRUE",0.9914,"PE(P-18:0/0:0)","",117,12.539,12.4291,466.3297,0
"M.36","Insulin",-0.0232,0.7168935,-0.5962,0.6646279,-0.0103,0.0115,74,0.3715475,"TRUE",0.9914,"PE(P-18:0/0:0)","",117,12.539,12.4291,466.3297,0
"M.36","Chol_T",-0.3205,0.2453085,-4.3859,0.4554433,-0.0483,0.0434,66.44,0.2695329,"FALSE",0.9914,"PE(P-18:0/0:0)","",117,12.539,12.4291,466.3297,0
"M.36","TG",-0.2599,0.6218959,-15.9964,0.158795,-0.0544,0.0945,75,0.5666834,"TRUE",0.9914,"PE(P-18:0/0:0)","",117,12.539,12.4291,466.3297,0
"M.36","LDL",-0.2658,0.2042583,-3.5805,0.4229861,-0.0266,0.0374,75,0.4780719,"TRUE",0.9914,"PE(P-18:0/0:0)","",117,12.539,12.4291,466.3297,0
"M.36","HDL",0.0094,0.9084771,2.417,0.1747756,-0.0122,0.0144,71.73,0.3982534,"FALSE",0.9914,"PE(P-18:0/0:0)","",117,12.539,12.4291,466.3297,0
"M.36","CRP",5e-04,0.9798909,-0.2165,0.6144143,-0.0023,0.0036,74,0.5246505,"TRUE",0.9914,"PE(P-18:0/0:0)","",117,12.539,12.4291,466.3297,0
"M.36","ApoB",-0.1343,0.4086768,-4.2333,0.2271062,-0.0434,0.0245,62.82,0.0810622,"FALSE",0.9914,"PE(P-18:0/0:0)","",117,12.539,12.4291,466.3297,0
"M.36","HDL_LDL",8e-04,0.4288645,0.0319,0.1621078,0,2e-04,71.31,0.8713618,"FALSE",0.9919,"PE(P-18:0/0:0)","",117,12.539,12.4291,466.3297,0
"M.36","Chol_T_HDL",-0.0049,0.4739478,-0.2953,0.0474462,-3e-04,0.0012,71.67,0.7809548,"FALSE",0.9914,"PE(P-18:0/0:0)","",117,12.539,12.4291,466.3297,0
"M.4","SBP",0.0641,0.6143045,-2.0332,0.4532796,-0.0594,0.0272,61,0.0325285,"TRUE",0.9914,"Ostreasterol","474-63-5",157,17.447,17.421034,381.3522,0
"M.4","DBP",-0.0146,0.8532432,-0.4678,0.7805468,-0.0219,0.0169,61,0.1991915,"TRUE",0.9914,"Ostreasterol","474-63-5",157,17.447,17.421034,381.3522,0
"M.4","Insulin",-0.0311,0.6270002,-0.6042,0.6568486,0.0189,0.0133,74,0.1607093,"TRUE",0.9914,"Ostreasterol","474-63-5",157,17.447,17.421034,381.3522,0
"M.4","Chol_T",-0.3174,0.2563281,-3.8101,0.5196531,0.003,0.0529,75,0.9553495,"FALSE",0.9928,"Ostreasterol","474-63-5",157,17.447,17.421034,381.3522,0
"M.4","TG",-0.2457,0.6434441,-15.1691,0.1810556,-0.0186,0.1108,75,0.867473,"TRUE",0.9919,"Ostreasterol","474-63-5",157,17.447,17.421034,381.3522,0
"M.4","LDL",-0.2538,0.228586,-3.0934,0.4884645,-0.0192,0.0438,75,0.6630007,"TRUE",0.9914,"Ostreasterol","474-63-5",157,17.447,17.421034,381.3522,0
"M.4","HDL",0.0044,0.9568021,2.4658,0.1602013,0.0126,0.0169,72.62,0.4580552,"FALSE",0.9914,"Ostreasterol","474-63-5",157,17.447,17.421034,381.3522,0
"M.4","CRP",0.0012,0.9528845,-0.1798,0.675329,-9e-04,0.0042,74,0.8346083,"TRUE",0.9919,"Ostreasterol","474-63-5",157,17.447,17.421034,381.3522,0
"M.4","ApoB",-0.136,0.4205415,-3.77,0.2967486,0.0128,0.0306,73.35,0.6777364,"FALSE",0.9914,"Ostreasterol","474-63-5",157,17.447,17.421034,381.3522,0
"M.4","HDL_LDL",7e-04,0.4915579,0.0302,0.1738088,3e-04,2e-04,72.94,0.2438695,"FALSE",0.9914,"Ostreasterol","474-63-5",157,17.447,17.421034,381.3522,0
"M.4","Chol_T_HDL",-0.0042,0.5302922,-0.2814,0.0547296,-0.0012,0.0014,72.8,0.3856281,"FALSE",0.9914,"Ostreasterol","474-63-5",157,17.447,17.421034,381.3522,0
"M.5","SBP",0.0532,0.683369,-3.478,0.2192479,-0.0251,0.0214,61,0.2445367,"TRUE",0.9914,"C18 - 14.571945","",61,14.57194,14.730534,804.5527,0
"M.5","DBP",-0.0186,0.8151099,-0.9812,0.5682893,-0.0086,0.013,61,0.5143728,"TRUE",0.9914,"C18 - 14.571945","",61,14.57194,14.730534,804.5527,0
"M.5","Insulin",-0.02,0.7523087,-0.8244,0.5476103,-0.017,0.0106,74,0.1134889,"TRUE",0.9914,"C18 - 14.571945","",61,14.57194,14.730534,804.5527,0
"M.5","Chol_T",-0.3174,0.2516739,-3.3931,0.5675715,0.0178,0.0416,73.23,0.6694751,"FALSE",0.9914,"C18 - 14.571945","",61,14.57194,14.730534,804.5527,0
"M.5","TG",-0.2425,0.6409904,-18.2882,0.1065688,-0.1341,0.0871,75,0.1278283,"TRUE",0.9914,"C18 - 14.571945","",61,14.57194,14.730534,804.5527,0
"M.5","LDL",-0.2664,0.2022592,-2.5368,0.5726194,0.0322,0.0348,75,0.3585346,"TRUE",0.9914,"C18 - 14.571945","",61,14.57194,14.730534,804.5527,0
"M.5","HDL",0.0093,0.9078359,2.8892,0.1040189,0.0145,0.0135,74.96,0.2849473,"FALSE",0.9914,"C18 - 14.571945","",61,14.57194,14.730534,804.5527,0
"M.5","CRP",9e-04,0.9661151,-0.201,0.6434111,-7e-04,0.0034,74,0.8404708,"TRUE",0.9919,"C18 - 14.571945","",61,14.57194,14.730534,804.5527,0
"M.5","ApoB",-0.128,0.440876,-3.9125,0.2768267,-0.011,0.0239,70.57,0.6473696,"FALSE",0.9914,"C18 - 14.571945","",61,14.57194,14.730534,804.5527,0
"M.5","HDL_LDL",8e-04,0.4291524,0.0337,0.1415833,1e-04,2e-04,74.99,0.6971039,"FALSE",0.9914,"C18 - 14.571945","",61,14.57194,14.730534,804.5527,0
"M.5","Chol_T_HDL",-0.0048,0.4883501,-0.3092,0.0423736,-8e-04,0.0011,74.89,0.4636407,"FALSE",0.9914,"C18 - 14.571945","",61,14.57194,14.730534,804.5527,0
"M.6","SBP",0.0336,0.7981774,-3.2799,0.2416193,0.022,0.019,61,0.2504792,"TRUE",0.9914,"SM(d18:2/18:1)","",130,17.711,17.7439,731.5455,0
"M.6","DBP",-0.0323,0.6841313,-1.0893,0.5175234,0.0156,0.0114,61,0.177394,"TRUE",0.9914,"SM(d18:2/18:1)","",130,17.711,17.7439,731.5455,0
"M.6","Insulin",-0.019,0.7693648,-0.4132,0.7646055,-0.0032,0.0095,74,0.7340594,"TRUE",0.9914,"SM(d18:2/18:1)","",130,17.711,17.7439,731.5455,0
"M.6","Chol_T",-0.3414,0.2207772,-4.2006,0.4754212,0.0269,0.0369,74.91,0.4693607,"FALSE",0.9914,"SM(d18:2/18:1)","",130,17.711,17.7439,731.5455,0
"M.6","TG",-0.2255,0.671996,-14.8417,0.1912609,-0.031,0.0778,75,0.6917141,"TRUE",0.9914,"SM(d18:2/18:1)","",130,17.711,17.7439,731.5455,0
"M.6","LDL",-0.2777,0.1900079,-3.4807,0.4368963,0.015,0.0308,75,0.6271375,"TRUE",0.9914,"SM(d18:2/18:1)","",130,17.711,17.7439,731.5455,0
"M.6","HDL",-0.01,0.9032211,2.2398,0.2062555,0.0215,0.0117,74.39,0.071513,"FALSE",0.9914,"SM(d18:2/18:1)","",130,17.711,17.7439,731.5455,0
"M.6","CRP",0.0026,0.8994709,-0.158,0.7127083,-0.0019,0.0029,74,0.5163069,"TRUE",0.9914,"SM(d18:2/18:1)","",130,17.711,17.7439,731.5455,0
"M.6","ApoB",-0.1417,0.3942071,-3.875,0.2752387,0.013,0.0213,73.15,0.5426927,"FALSE",0.9914,"SM(d18:2/18:1)","",130,17.711,17.7439,731.5455,0
"M.6","HDL_LDL",8e-04,0.4648922,0.0313,0.170889,1e-04,2e-04,74.37,0.6920641,"FALSE",0.9914,"SM(d18:2/18:1)","",130,17.711,17.7439,731.5455,0
"M.6","Chol_T_HDL",-0.0046,0.504864,-0.2875,0.055874,-2e-04,0.001,74.36,0.8145013,"FALSE",0.9919,"SM(d18:2/18:1)","",130,17.711,17.7439,731.5455,0
"M.7","SBP",0.0524,0.6915605,-2.7847,0.3201788,-0.0023,0.0208,61,0.9117711,"TRUE",0.9919,"PC(18:0/14:0)","",141,17.797,17.752184,734.572,0
"M.7","DBP",-0.0179,0.8222211,-0.832,0.6211942,0.0097,0.0125,61,0.4407683,"TRUE",0.9914,"PC(18:0/14:0)","",141,17.797,17.752184,734.572,0
"M.7","Insulin",-0.0229,0.7217561,-0.4784,0.7277218,-0.0032,0.01,74,0.7499772,"TRUE",0.9914,"PC(18:0/14:0)","",141,17.797,17.752184,734.572,0
"M.7","Chol_T",-0.3036,0.2718292,-3.5462,0.5449278,0.0467,0.0376,65.01,0.2188539,"FALSE",0.9914,"PC(18:0/14:0)","",141,17.797,17.752184,734.572,0
"M.7","TG",-0.2335,0.656619,-14.9147,0.1846845,0.0793,0.082,75,0.3365103,"TRUE",0.9914,"PC(18:0/14:0)","",141,17.797,17.752184,734.572,0
"M.7","LDL",-0.2527,0.2245906,-3.0476,0.4901417,0.0395,0.0323,75,0.2263581,"TRUE",0.9914,"PC(18:0/14:0)","",141,17.797,17.752184,734.572,0
"M.7","HDL",0.0084,0.9183433,2.5252,0.1517015,-0.0085,0.0126,71.48,0.5015478,"FALSE",0.9914,"PC(18:0/14:0)","",141,17.797,17.752184,734.572,0
"M.7","CRP",0.0011,0.9569975,-0.1805,0.6733454,0.0011,0.0031,74,0.7247294,"TRUE",0.9914,"PC(18:0/14:0)","",141,17.797,17.752184,734.572,0
"M.7","ApoB",-0.1205,0.4584234,-3.5168,0.3126868,0.029,0.0215,62.87,0.1825487,"FALSE",0.9914,"PC(18:0/14:0)","",141,17.797,17.752184,734.572,0
"M.7","HDL_LDL",8e-04,0.4715722,0.0307,0.1749271,-3e-04,2e-04,69.07,0.0594477,"FALSE",0.9914,"PC(18:0/14:0)","",141,17.797,17.752184,734.572,0
"M.7","Chol_T_HDL",-0.0043,0.527733,-0.2811,0.0596206,0.002,0.001,68.77,0.0552967,"FALSE",0.9914,"PC(18:0/14:0)","",141,17.797,17.752184,734.572,0
"M.8","SBP",0.0381,0.7783342,-2.8001,0.3158187,0.0089,0.0192,61,0.6451601,"TRUE",0.9914,"Octadecyl fumarate","1741-93-1",106,14.583,14.540116,369.2987,0
"M.8","DBP",-0.0191,0.8159423,-0.7515,0.6562547,2e-04,0.0116,61,0.9881336,"TRUE",0.9934,"Octadecyl fumarate","1741-93-1",106,14.583,14.540116,369.2987,0
"M.8","Insulin",-0.0261,0.6935657,-0.4622,0.7364544,0.0025,0.0097,74,0.7938533,"TRUE",0.9919,"Octadecyl fumarate","1741-93-1",106,14.583,14.540116,369.2987,0
"M.8","Chol_T",-0.327,0.2490794,-3.7882,0.5195269,0.0072,0.0376,73.62,0.8494155,"FALSE",0.9919,"Octadecyl fumarate","1741-93-1",106,14.583,14.540116,369.2987,0
"M.8","TG",-0.1276,0.8128841,-15.3182,0.1726427,-0.0807,0.0793,75,0.3118737,"TRUE",0.9914,"Octadecyl fumarate","1741-93-1",106,14.583,14.540116,369.2987,0
"M.8","LDL",-0.2866,0.1841493,-3.2492,0.4653986,0.0147,0.0316,75,0.642559,"TRUE",0.9914,"Octadecyl fumarate","1741-93-1",106,14.583,14.540116,369.2987,0
"M.8","HDL",-0.0067,0.935943,2.568,0.141855,0.011,0.0122,74.85,0.3681327,"FALSE",0.9914,"Octadecyl fumarate","1741-93-1",106,14.583,14.540116,369.2987,0
"M.8","CRP",-0.0045,0.826998,-0.188,0.6581828,0.0033,0.003,74,0.2767714,"TRUE",0.9914,"Octadecyl fumarate","1741-93-1",106,14.583,14.540116,369.2987,0
"M.8","ApoB",-0.1377,0.4151113,-3.6832,0.2991283,0.0053,0.0216,71.03,0.8065291,"FALSE",0.9919,"Octadecyl fumarate","1741-93-1",106,14.583,14.540116,369.2987,0
"M.8","HDL_LDL",8e-04,0.432295,0.0322,0.1547654,0,2e-04,75,0.9622196,"FALSE",0.9928,"Octadecyl fumarate","1741-93-1",106,14.583,14.540116,369.2987,0
"M.8","Chol_T_HDL",-0.0035,0.6132629,-0.2911,0.0501063,-8e-04,0.001,75,0.4084822,"FALSE",0.9914,"Octadecyl fumarate","1741-93-1",106,14.583,14.540116,369.2987,0
"M.9","SBP",0.0592,0.6470307,-2.7956,0.3070527,-0.0305,0.0186,61,0.1056037,"TRUE",0.9914,"C37 - 14.394997","",107,14.395,14.53185,808.5831,0
"M.9","DBP",-0.0164,0.8361585,-0.7485,0.6549719,-0.0113,0.0114,61,0.3262825,"TRUE",0.9914,"C37 - 14.394997","",107,14.395,14.53185,808.5831,0
"M.9","Insulin",-0.0225,0.7260816,-0.4668,0.7333956,0.0059,0.0095,74,0.531627,"TRUE",0.9914,"C37 - 14.394997","",107,14.395,14.53185,808.5831,0
"M.9","Chol_T",-0.3209,0.2532885,-3.8387,0.5191717,0.0339,0.0356,65.67,0.3445372,"FALSE",0.9914,"C37 - 14.394997","",107,14.395,14.53185,808.5831,0
"M.9","TG",-0.2451,0.6396866,-15.1594,0.1762423,-0.0896,0.0772,75,0.2493909,"TRUE",0.9914,"C37 - 14.394997","",107,14.395,14.53185,808.5831,0
"M.9","LDL",-0.2648,0.2068357,-3.2726,0.4623371,0.0132,0.0308,75,0.6689114,"TRUE",0.9914,"C37 - 14.394997","",107,14.395,14.53185,808.5831,0
"M.9","HDL",0.0073,0.9278191,2.5182,0.1460627,0.029,0.0114,71.69,0.0133531,"FALSE",0.9914,"C37 - 14.394997","",107,14.395,14.53185,808.5831,0
"M.9","CRP",6e-04,0.975878,-0.1885,0.6587322,0.0021,0.0029,74,0.4777227,"TRUE",0.9914,"C37 - 14.394997","",107,14.395,14.53185,808.5831,0
"M.9","ApoB",-0.1297,0.4355468,-3.681,0.3019672,0.003,0.0206,63.45,0.8859582,"FALSE",0.9919,"C37 - 14.394997","",107,14.395,14.53185,808.5831,0
"M.9","HDL_LDL",8e-04,0.4216739,0.0318,0.1396808,3e-04,1e-04,75,0.0887312,"TRUE",0.9914,"C37 - 14.394997","",107,14.395,14.53185,808.5831,0
"M.9","Chol_T_HDL",-0.0046,0.4820488,-0.2879,0.0449826,-0.0019,0.001,72.65,0.0560469,"FALSE",0.9914,"C37 - 14.394997","",107,14.395,14.53185,808.5831,0
